,id,title,lat,lon
0,16078,Spuma-Space for the Arts,45.42707474,12.32086651
1,16057,Chiesa di San Beneto,45.43553993,12.33239465
2,16042,Atelier La Perla Veneziana,45.45537085,12.35250585
3,16026,Duomo di San Rocco in Dolo,45.42437294,12.0748543
4,15984,Piazza Donatori di sangue,45.56038561,12.2372245
5,15880,Le Colonete,45.43544583,12.33724944
6,15864,Bottega Cini,45.43075122,12.3297929
7,15839,Giardini Reali,45.43314056,12.33831696
8,15825,Grand Central,45.49131145,12.23589413
9,15800,Basegone,45.4357909,12.32744731
10,15797,Campo Sant'Agnese,45.42961591,12.32797436
11,15796, Galleria Accorsi Arte ,45.43396797,12.34928183
12,15760,Marina Bastianello Gallery,45.49192818,12.24059336
13,15744,Palazzo Vendramin Grimani,45.43625032,12.33038299
14,15741,Mercato San Michele,45.49168527,12.24053703
15,15734,Chiesa di San Lorenzo,45.43752496,12.34537117
16,15720,Palazzo Malipiero,45.43323768,12.32792608
17,15716,Fondaco Marcello,45.43546371,12.33030789
18,15627,Lab Rialto,45.4370955,12.33538799
19,15615,Venice Art Factory,45.43244844,12.33026497
20,15594,Complesso dell'Ospedaletto,45.43985515,12.34529071
21,15539,Sparc Spazio Arte Contemporanea,45.43249729,12.33040414
22,15533,Palazzo Bonvicini,45.43920987,12.33023753
23,15506,Gritti Palace,45.43171495,12.33311884
24,15495,San Basilio - Imbarcadero,45.43073828,12.32092023
25,15491,Magazzini Ligabue,45.43182177,12.3166823
26,15369,Villa Toniolo - Banca Fideuram,45.49314675,12.23892506
27,15353,Campalto,45.4835925,12.29636245
28,15338,The St. Regis Venice,45.43207499,12.33553551
29,15328,Punta Conterie,45.456043,12.35619927
30,15274,Teatro Metropolitano Astra,45.63092496,12.56464727
31,15261,Galleria San Lorenzo,45.49544527,12.24436592
32,15255,Palazzo Ca' Pisani Rubelli,45.43451884,12.33000884
33,15232,Hotel Giorgione,45.44124805,12.33667016
34,14989,Wine Resort Venissa ,45.48876738,12.41090305
35,14983,Escape Venice,45.43608855,12.32677275
36,14941,Fondamenta delle Zattere allo Spirito Santo,45.42867398,12.33304376
37,14928,campo san Bartolomeo,45.43767307,12.33654141
38,14922,Palazzo Dolfin Manin,45.43725747,12.33539339
39,14875,Despar Teatro Italia ,45.44404893,12.32946033
40,14865,San Girolamo,45.49551535,12.24449869
41,14855,Parco Piraghetto,45.48846595,12.22625971
42,14848,Chiesa di Sant'Antonin,45.43554011,12.34625898
43,14847,Chiesa di San Beneto,45.43554764,12.33241878
44,14845,Faro di Punta Sabbioni,45.42274177,12.43673824
45,14808,Sala San Marco,45.52689434,12.19310783
46,14794,Auditorium Lipiello,45.50274216,12.22746141
47,14793,Malcontenta - Centro Culturale Canevon,45.4367245,12.20576227
48,14788,Emergency Giudecca,45.42568681,12.32984662
49,14769,Antico Cimitero Ebraico,45.42276572,12.38021858
50,14767,Park Hotel 'Ai Pini',45.48681344,12.21771963
51,14757,Carcere femminile Giudecca,45.42592023,12.32126355
52,14752,Palazzo Gabrielli Dolfin,45.43666462,12.32276555
53,14749,palazzo Corner Mocenigo,45.43799151,12.32972868
54,14743,Fortuny Factory,45.42800065,12.32077535
55,14732,Effetre Murano,45.45451797,12.35562801
56,14712,Borgo di Lio piccolo,45.49089455,12.48205684
57,14707,Fondazione Cini - Sale del Convitto,45.42915537,12.34576814
58,14693,Chiostro della Madonna dell'orto,45.44732416,12.33266883
59,14675,NasonMoretti Museum,45.45458654,12.34948039
60,14670,Piazzetta san Francesco,45.48646366,12.2346979
61,14669,Palestra Vivarini,45.45774248,12.3588654
62,14660,Malamocco,45.3725621,12.33859062
63,14655,Chiesa Santa Maria dei Penitenti,45.44696443,12.3191715
64,14643,Circus di Chirignano,45.4848561,12.19469555
65,14637,Chiesa san Giovanni di Malta,45.43647041,12.34616512
66,14632,incubatore ExHerion ,45.42553452,12.32348705
67,14628,DODO CAFFE’,45.44601293,12.32673526
68,14577,Istituto delle Scienze Marine (ISMAR),45.43765953,12.35523097
69,14532,Galleria: Sezione Officine Forte Marghera ,45.47463141,12.26274848
70,14525,InPARADISO 3030,45.43646685,12.32617194
71,14521,Teatro Cinema C,45.75596855,12.84565687
72,14517,Galleria ai Molini,45.77655785,12.83696652
73,14513,Piazzetta del Teatro,45.5601023,12.23531492
74,14510,Ospedale al mare,45.421924,12.38455303
75,14500,Libreria Acqua Alta,45.43843264,12.34232448
76,14451,Argo 16,45.47162205,12.25372575
77,14426,Venice Art Project,45.43253326,12.35564407
78,14419,Corner pub Al Terminal,45.43104679,12.32088127
79,14418,Boresso,45.44047371,12.32964808
80,14417,Hostaria Vecio Biavarol,45.43877106,12.32140835
81,14412,LA CATTEDRALE NAJEAN & SY s.a.s.,45.45894432,12.34944008
82,14410,Magazzino Gallery | Palazzo Contarini Polignac,45.43117056,12.32913978
83,14403,Parcheggio del Parco Fluviale  ,45.66018265,12.52791174
84,14399,Auditorium del Centro Sociale di Mogliano ,45.56116839,12.2366398
85,14380,El Borrachero ,45.43121986,12.32656356
86,14363,Sala Polivalente,45.38517293,12.00789034
87,14361,Piazza Duca D'Aosta ,45.56083846,12.23437078
88,14360,Arsenale Nord - Tesa 94,45.43785375,12.35466242
89,14331,Teatro comunale Cavallino-Treporti,45.4538136,12.45383985
90,14315,Scuola dei Laneri,45.43663248,12.32291037
91,14311,Ospedale San Camillo ,45.35565259,12.32704662
92,14295,SS. Vito e Modesto,45.49086112,12.16860317
93,14279,Jesolo - Piazza Aurora,45.49363213,12.61222959
94,14258,Galleria ItinerArte ,45.43124147,12.32774103
95,14256,Istituto Cavanis,45.43017288,12.3281407
96,14231,Piazza Martiri - Mirano,45.49483696,12.11585782
97,14222,Palazzo Nalin,45.4050723,11.87351711
98,14220,Multimedial Laboratory Art Conservation ,45.44485477,12.33120645
99,14164,Galleria ItinerArte,45.43096604,12.32755601
100,14141,Hotel Al Sole,45.43718957,12.32802803
101,14120,Officina Zanon Gino,45.44736298,12.32679689
102,14114,Piazzetta Coin,45.49323494,12.24342592
103,14085,Palazzo Contarini del Bovolo,45.43509892,12.33462103
104,14083,Akka Project,45.43436704,12.33352521
105,14081,Parrocchia San Michele Arcangelo  ,45.58048368,12.36999393
106,14039,Anna La Gelateria,45.56230851,12.23488569
107,13991,Biblioteca Maerne “G. Tronchin” ,45.52369152,12.1572357
108,13909,Libreria Giunti al Punto,45.43990808,12.31970787
109,13903,GAD Giudecca Art District,45.42472507,12.3296535
110,13868,Il Bosco che Suona,46.29756326,11.59675829
111,13857,Uni.S.Ve,45.43307575,12.32333818
112,13786,M9 - Museo del Novecento,45.4925182,12.24182719
113,13770,Corte Sanudo -  Sala della Graticola,45.4930221,12.24062556
114,13761,La Piazza - Centro Commerciale,45.50478744,12.28679188
115,13759,Libreria La Bottega di Manuzio,45.48790408,12.25137599
116,13722,Re Con Dito Bacaro-Pub,45.44123808,12.3401355
117,13720,RECONDITO bacaro - pub ,45.4414205,12.34010883
118,13683,Villa Pisani,,
119,13651,Salzano,,
120,13647,Doppio Malto,,
121,13643,Centro Commerciale Auchan,,
122,13642,Fondazione La Biennale di Venezia,,
123,13621,Escape Room - Mercante di Venezia,,
124,13510,Via Zandonai,45.51666079,12.23351233
125,13485,Galleria Totem-il Canale,45.43126194,12.32889302
126,13480,Piazza san Michele,45.58033295,12.36999117
127,13455,San Simeon Piccolo,45.44056442,12.32243307
128,13451,A plus A Gallery,45.43326153,12.32863689
129,13427,"Cannaregio, Calle de la Testa",45.43983686,12.3406639
130,13426,Hotel NH Venezia Rio Novo,45.43537919,12.32165776
131,13396,Hotel Des Bains,45.41368519,12.37472542
132,13391,Melori e Rosenberg,45.44565642,12.32707048
133,13373,Parco Catene,45.47591344,12.20488794
134,13348,Spinea Parco Nuove Gemme,45.49588838,12.16435455
135,13329,Oasi di Caroman,45.23876506,12.28953861
136,13290,Fondamente Nuove,45.44189099,12.34251745
137,13226,Chioggia - centro storico,45.21683085,12.27756552
138,13220,Chiesa di san Pantalon,45.43568782,12.32470758
139,13092,Scuola Grande della Misericordia,45.44341948,12.33464237
140,13068,Palazzo Giustinian Lolin,45.43226207,12.32855642
141,13058,Faro di Murano,45.45278779,12.35463023
142,13057,Parco della Bissuola,45.49896564,12.26125769
143,13038,Campo san Giovanni e Paolo,45.43920965,12.34141231
144,12973,Gazzera - Via Brendole,45.50045282,12.21323498
145,12970,Portogruaro,45.78051254,12.83763163
146,12944,Bibione,45.6343444,12.9988008
147,12897,Sant'Elena - Marina,45.42779006,12.36678593
148,12852,Basegò,45.43607914,12.3271724
149,12850,Hotel Nani Mocenigo Palace,45.43067023,12.32658502
150,12843,Pinacoteca manfrediniana,45.43072049,12.33546043
151,12837,Associazione S&B,45.4878443,12.23920401
152,12784,Spinea - Biblioteca Comunale,45.4905679,12.1672116
153,12719,Campo san Silvestro,45.43738922,12.33305987
154,12717,Fontego dei Teatranti,45.42686535,12.32228007
155,12712,Palazzo Zeno,45.43733564,12.32754789
156,12709,Noale centro,45.55046953,12.07045563
157,12682,Officine Italia - cucina e botteghe,45.5108389,12.2266859
158,12589,Riva degli Schiavoni,45.43367626,12.34202385
159,12585,Diporto velico veneziano,45.42866855,12.36460805
160,12561,Palazzo Barbarigo Minotto,45.43160384,12.33232494
161,12559,Fattoria Bio sociale Il Rosmarino,45.54693822,12.28580482
162,12541,Guarinoni - Restauro e Antichità,45.43610737,12.3268264
163,12525,Caorle,45.60068199,12.88797148
164,12523,Hotel Savoia Jolanda,45.43403324,12.34275604
165,12497,Galleria Ca' Nova di Palazzo Treves,45.43211205,12.33579572
166,12451,Laguna Fiorita - Onlus,45.44422219,12.3357206
167,12413,Associazione Aretusa,45.43719212,12.34530413
168,12385,Arsenale di Venezia,45.43598376,12.35388987
169,12329,ARTism3160,45.43387381,12.32891317
170,12325,Forte san Felice,45.23013011,12.28971005
171,12265,sullaluna,45.44445959,12.33223641
172,12251,Zuecca Project Space,45.42741865,12.34018922
173,12170,Osteria Alla Corte Ostinati,45.44346343,12.32769676
174,12168,Cantiere Nautico Beraldo,45.52147896,12.37013362
175,12153,Barchetta Blu,45.42963607,12.33016038
176,12094,Municipalità Mestre Carpenedo,45.4959395,12.2442089
177,12030,Palazzo Zaguri,45.43266572,12.33189583
178,12001,Auditorium 'Lo Squero',45.42875778,12.34584332
179,11988,Ludoteca 'La Luna nel Pozzo',45.43330123,12.35666879
180,11987,Ludoteca 'Sucabaruca',45.47375306,12.22361773
181,11923,Spazio Venezia Industriale,45.49192741,12.24023261
182,11871,Galleria Arte Spazio Tempo,45.44540802,12.32675666
183,11869,OresiLab,45.43839758,12.3353585
184,11857,Ca' Macana Atelier,45.43335021,12.32525731
185,11690,Chiesa di sant'Eufemia,45.42684862,12.32342538
186,11688,Palestra Scuola P.F. Calvi,45.43252991,12.35445853
187,11598,Caffè Rosso,45.43451981,12.3235058
188,11530,Palestra Manzoni,45.44169007,12.3278027
189,11418,Pasta e Sugo,45.43304416,12.32457332
190,11378,Libreria Mondadori,45.49460054,12.23981552
191,11335,Russott Hotel,45.47812036,12.2695934
192,11328,Virtuosi di Venezia - Ateneo di San Basso,45.4349436,12.33943746
193,11323,Tessitura Luigi Bevilacqua,45.44172053,12.32720725
194,11322,libreria Cluva,45.43775722,12.32234977
195,11292,Chiesa san Giovanni Grisostomo,45.43914564,12.33724944
196,11289,THE ROOM Contemporary Art Space,45.43525505,12.33980559
197,11206,Sotoportego della Bissa,45.43773276,12.33729236
198,11170,Rosa Salva - Ss. Giovanni e Paolo,45.43893826,12.34177165
199,11166,Libreria MarcoPolo Giudecca,45.42612811,12.32737891
200,11163,Venice Art Space,45.42877907,12.32998334
201,11080, Ca' Nigra Lagoon Resort,45.44115971,12.32387595
202,11057,Centro Civico - Sala Consiliare,45.48459718,12.236275
203,11032,Museo delle imbarcazioni tradizionali,45.43333144,12.35801511
204,10963,Il Nastrino Blu,45.47699889,12.21090935
205,10956,Hybrid Music - Sala Monteverdi,45.48320794,12.24165015
206,10880,Bottega d’arte Gibigiana,45.43070678,12.32155182
207,10750,Laboratorium Venezia,45.43984744,12.32802266
208,10730,Made in Art Gallery,45.43722714,12.32046284
209,10717,Art Gallery,45.43922023,12.32095905
210,10572,Hotel Ala-Tarnowska’s American Bar,45.43255186,12.33281173
211,10571,Arsenale-Sala Squadratori,45.43670261,12.34949037
212,10480,"Birroteca ""Duri ai Banchi""",45.50021952,12.22667538
213,10400,Museo Archeologico Concordense - Portogruaro,45.77512823,12.83597939
214,10365,Venetian Dreams,45.43460816,12.33247109
215,10364,Ca' Pisani Hotel,45.4305167,12.3281353
216,10363,Bottega Orafa,45.44073759,12.32918136
217,10302,Palazzo Nani Bernardo,45.43398003,12.32660107
218,10237,San Simeon Piccolo - Patronato,45.44005383,12.32293988
219,10227,Tango Venice,45.44627132,12.32617192
220,10195,Vernice Contemporanea,45.4400803,12.32826807
221,10163,Galleria Alberta Pane,45.43336847,12.3200538
222,10084,Galleria Matteotti,45.49311284,12.23971091
223,10034,Forte Bazzera,45.49809085,12.33103745
224,10029,Palazzo Contarini dalla porta di ferro,45.43739798,12.34690003
225,9947,Giudecca,45.42505299,12.32734673
226,9841,"Alberoni, Lido di Venezia",45.3492957,12.32399933
227,9809,El Magazen dell'arte,45.43031816,12.32563682
228,9803,Villa Widmann Rezzonico Foscari,45.44223846,12.14665704
229,9722,Palazzo Tiepolo Passi,45.43591429,12.32873611
230,9680,Giardino della Batteria Pisani,45.45058417,12.46849529
231,9675,Yogurt Creperie Marie,45.43499355,12.32086651
232,9659,Al Parlamento,45.44476673,12.32249461
233,9652,Campo de l'Abazia,45.44376605,12.3350393
234,9565,Nave de Vero,45.45948398,12.21254818
235,9564,Villa Mocenigo Alvisopoli - Fossalta di Portogruaro,45.79870089,12.91552298
236,9561,Piazza del Mercato - Marghera,45.47491406,12.22445719
237,9431,Sant'Alvise - fermata ACTV,45.44852517,12.32938714
238,9430, Progetto 7Lune ,45.48048478,12.25966387
239,9417,Galleria Ravagnan,45.4337212,12.33868577
240,9400,Libreria Ubik,45.49261565,12.24026009
241,9396,Psicoterapia Cognitiva e Ricerca,45.49142404,12.24268951
242,9374,Hotel Villa Laguna,45.41638636,12.36756913
243,9373,Isola di Poveglia,45.38189675,12.33125202
244,9337,Bar Al Canton,45.43431974,12.31695853
245,9304,Bacarando in Corte dell'Orso,45.43799927,12.33738892
246,9297,"Scuola primaria ""Zambelli""",45.43489944,12.31809847
247,9219,Cappella dei Lucchesi - Santa Fosca,45.44383807,12.33130433
248,9217,Officina del Gusto,45.49193488,12.24349015
249,9174,VIU - Venice International University,45.41888104,12.35696904
250,9133,STUDIO2091,45.44035302,12.33092732
251,9110,Campo Sant'Agostino,45.43847049,12.32866622
252,9099,Palazzo Pisani Nicolaj,45.43897368,12.33992763
253,9048,"Bar Ristorante ""al Colombo""",45.4363468,12.33462356
254,9026,Palazzo Grifalconi Loredan,45.43988694,12.3408141
255,9024,Hotel Danieli,45.43383699,12.34165899
256,9023,Padiglione Repubblica di San Marino,45.43016607,12.32618399
257,8997,Giardini di Sant'Elena,45.42658837,12.36046664
258,8994,Hotel NH Laguna Palace,45.48187086,12.24886529
259,8877,Arsenale Docks,45.43299564,12.35894315
260,8849,Liceo Foscarini,45.44334502,12.33608
261,8829,Galleria Accorsi,45.44145507,12.33076789
262,8827,Ca' Faccanon,45.43680179,12.33733662
263,8794,Bottegavaga,45.43996646,12.32636772
264,8742,Safet Zec STUDIO,45.43842319,12.34673105
265,8709,Flavio Favelli - Univers. Negozio metafisico,45.43246953,12.35666595
266,8706,Palazzo Querini Benzon,45.43565042,12.33161144
267,8685,Living in the Past - Vinyl Records & Books,45.43392375,12.32151493
268,8596,Art Warehouse Zattere,45.42933032,12.3345726
269,8565,"Sala Montefiore, Ghetto Vecchio",45.44513414,12.3260995
270,8513,"Piazza S. Maria Elisabetta, Cavallino-Treporti VE",45.48381159,12.55066745
271,8428,Archivi della Misericordia,45.44405728,12.33456187
272,8398,Museo Andrich - Torcello,45.49789121,12.41272681
273,8397,Via Palazzo - Portici,45.49576294,12.24388711
274,8376,"Scuola dell'Angelo, Chiesa Evangelica Luterana - Santi Apostoli",45.44022758,12.33632408
275,8314,San Gregorio Art gallery,45.42936472,12.32920013
276,8250,Gas - Calle del Lovo,45.43641713,12.33553752
277,8248,Centro D'arte San Vidal U.C.A.I.,45.43493848,12.3425401
278,8192,Villa Farsetti,45.5069339,12.03354828
279,8185,Comune di Cavallino-Treporti,45.45368504,12.45382898
280,8122,Parco Nuovo Catene,45.47717671,12.20485561
281,8116,Secret Room,45.44384463,12.33502723
282,8095,Piazzetta di via Lepanto,45.41578854,12.37029426
283,8091,InParadiso Art Gallery,45.42889037,12.35655598
284,7982,CASA DELL'OSPITALITÀ - SEDE DI MESTRE,45.50598239,12.24798553
285,7931,"Centro Polifunzionale ""G. Pascoli""",45.4864658,12.29325853
286,7790,Chiesa Sant'Andrea della Zirada,45.43838794,12.3160439
287,7702,Palestra Umberto I,45.44796296,12.32607536
288,7447,Venezia Città Metropolitana,45.45513557,12.29627602
289,7445,Ospedale dell'Angelo,45.5140314,12.22280495
290,7443,Casa Reclusione per Donne,45.42576374,12.32128494
291,7308,Hotel Londra Palace,45.4340252,12.34338097
292,7268,L'Ombra del Leone,45.43230577,12.33642869
293,7229,Centro di Soggiorno Francesco Morosini,45.35750597,12.33077996
294,7197,Trattoria al Ponte Storto,45.43814043,12.33195208
295,7195,Canal Grande,45.4363536,12.33230345
296,7150,Rosa Salva,45.43519822,12.33786367
297,7111,Antony Palace Hotel,45.55004645,12.31009476
298,7073,Caffé ai Crociferi,45.44331771,12.33869784
299,7069,Best Western Hotel Bologna,45.48335662,12.23226778
300,7066,Palazzo Ferro Fini - Consiglio Regionale del Veneto,45.43170579,12.33389668
301,7064,Marignana Arte,45.43011856,12.33325295
302,7012,Palazzo Michiel del Brusà,45.44010058,12.33537726
303,6993,Terminal Passeggeri Tronchetto,45.4390885,12.31182009
304,6984,Ristorante ai Veterani - Mestre,45.49423661,12.24106006
305,6960,Casa Circondariale S.M.Maggiore,45.43528905,12.31652938
306,6940,Chiesa di San Leopoldo Mandic,45.50434125,12.28763394
307,6898,Claudia Canestrelli - Antiquariato,45.43038729,12.33220287
308,6883,Mirai Japanese Sushi Bar,45.44193026,12.32345618
309,6825,Bugno Art Gallery,45.43371652,12.33418636
310,6759,Caberlotto,45.43726666,12.33585335
311,6684,Avanspettacolo Venezia - Theatre Restaurant,45.44569926,12.2067117
312,6620,Laguna Libre,45.44536892,12.32170872
313,6589,Chiesa San Michele Arcangelo,45.47337747,12.22966068
314,6514,Scuola Grande di San Marco,45.43964981,12.34146319
315,6453,Campo San Bartolomeo,45.43774,12.33688869
316,6448,Lyra Glass - Sant'Angelo,45.43415222,12.33141296
317,6447,Lyra Glass,45.43601142,12.33788244
318,6403,Campo San Giacomo di Rialto,45.43863917,12.33528875
319,6397,Purem,45.44341933,12.33081751
320,6361,Campo San Maurizio,45.43279327,12.33150147
321,6350,Signum Fondation - Palazzo Donà Brusa,45.43804113,12.32998669
322,6347,Chiesa dei Santi Gervasio e Protasio,45.5050012,12.2513902
323,6338,Campo San Barnaba,45.43306431,12.32497297
324,6335,Piazzale Roma,45.43826191,12.31905334
325,6334,Barena Store Venezia,45.43538316,12.33498834
326,6302,Via Mestrina,45.4907419,12.2448997
327,6236,Chiesa di Santa Maria Assunta detta I Gesuiti,45.44343159,12.33873539
328,6235,ESU  Residenza M.AUSILIATRICE,45.43257795,12.35612012
329,6231,ESU  Mensa RIO NOVO,45.43554828,12.32214257
330,6230,ESU  Residenza RAGUSEI,45.43463922,12.32101537
331,6229,ESU  Residenza JUNGHANS,45.42471696,12.32667618
332,6226,ESU Residenza ABAZIA,45.44427038,12.33585738
333,6225,ESU  Sportello Studenti & Residenza SAN TOMÀ,45.43611764,12.32742585
334,6223,ESU RIO NOVO - Sede Centrale e Uffici,45.43515493,12.32310079
335,6204,Chiesa di San Biagio dei Marinai,45.43251094,12.35014282
336,6203,Chiesa San Felice,45.4417153,12.33332805
337,6202,Chiesa Santa Sofia,45.44094883,12.33493336
338,6201,"Scuola Navale Militare ""Francesco Morosini""",45.42537401,12.36393742
339,6155,Espace Louis Vuitton Venezia,45.4331297,12.33642064
340,6067,Ca' Foscari - Ca' Dolfin,45.43503028,12.32553892
341,6045,Forte Carpenedo,45.51560242,12.25529186
342,5981,Palazzetto Pisani,45.43159616,12.33044468
343,5863,"Istituto Veneto di Scienze, Lettere ed Arti",45.43280268,12.32989483
344,5827,Micromega Arte e Cultura,45.43284925,12.3314143
345,5805,Centro Studi Danza,45.38347628,12.34669216
346,5762,Cafè Noir,45.43596285,12.32525192
347,5760,L'Altro Verdi,45.49274291,12.23616168
348,5753,Intrappola.to - Escape Room,45.43584543,12.32658029
349,5661,FAI - Negozio Olivetti,45.43413905,12.33759008
350,5605,Campo Ruga,45.43375793,12.35721581
351,5473,Isola di Sant'Erasmo - Chiesa,45.4592053,12.41051666
352,5453,Porte di Mestre,45.5113132,12.2272896
353,5396,Associazione Culturale Arte-Mide,45.43135663,12.32089602
354,5349,Associazione Culturale C13,45.48530653,12.2423958
355,5266,Ex Chiesa Santa Chiara ,45.45208196,12.35076778
356,5265,Comune di Venezia - Ca' Farsetti,45.43652846,12.33414345
357,5140,Provvederia,45.49608663,12.24398959
358,5137,Ristorante Ghimel Garden kosher,45.44562863,12.32689209
359,5127,Hotel Excelsior - Lido di Venezia,45.40375723,12.36631386
360,5102,Chiesa di San Nicola da Tolentino,45.43763025,12.32156863
361,5091,Chiesa di San Nicolò,45.42787696,12.3804914
362,5041,Rio Terà S. Leonardo,45.44397079,12.32844582
363,5003,Palazzo Pisani Moretta,45.43597366,12.32942678
364,4993,Basilica di Santa Maria della Salute,45.43090725,12.3346933
365,4941,"Chiesa Santo Stefano, Portosecco",45.30970565,12.31005721
366,4940,Palazzo Zorzi - Unesco,45.43610093,12.34284788
367,4905,Orient Experience,45.44481002,12.32905529
368,4904,"""LE VIE"" - Cooperativa Sociale Qualità",45.5465952,12.39918492
369,4872,Awai,45.4379959,12.32167967
370,4868,Chiosco da Giosia,45.43725295,12.31985711
371,4867,Campo San Tomà,45.43604302,12.32739411
372,4804,Centro Sportivo di Favaro Veneto,45.50665158,12.27491491
373,4802,Grande Albergo Ausonia & Hungaria,45.41560688,12.3717051
374,4779,Casa dell'Ospitalità - Sede di S. Alvise,45.44888126,12.32576955
375,4740,Campo San Vio,45.43089694,12.33028104
376,4728,Campo San Samuele,45.43351326,12.32789924
377,4726,Latteria2465,45.43851971,12.32449819
378,4704,Hotel Carlton On The Grand Canal,45.44000274,12.32178379
379,4702,"Aeroporto ""Giovanni Nicelli""",45.42891502,12.38553992
380,4665, Empire Space Building,45.46857388,12.53132334
381,4604,Campazzo San Sebastiano,45.43212042,12.31962193
382,4562,Sale Monumentali | Biblioteca Nazionale Marciana,45.43331,12.33952391
383,4533,Campo di San Pietro di Castello,45.4345319,12.35895562
384,4502,Libreria Bookshop Damocle Edizioni,45.4376615,12.3318528
385,4479,Molino Stucky - Hilton Hotel,45.42815973,12.32014765
386,4476,Davidia Club,45.41045157,12.37289597
387,4465,Campo San Francesco della Vigna,45.43806274,12.34763134
388,4393,Calle dei Ragusei,45.4344413,12.3211657
389,4388,Bread & Butter - Parco Catene,45.47416379,12.20334284
390,4387,Chiesa di Sant'Antonio,45.40372228,12.36178564
391,4347,ICI - Murano,45.45870851,12.35974245
392,4339,Venissa - spazio espositivo,45.48786975,12.40929357
393,4338,Chiesa dei Tolentini,45.43750156,12.32191794
394,4282,Sala della Musica - Ospedaletto,45.43874372,12.34282306
395,4266,Caserma Pepe,45.42667465,12.38164533
396,4265,Batteria Ca' Bianca Angelo Emo,45.39589808,12.35799361
397,4264,Forte Poerio,45.4363155,12.15850686
398,4222,Municipalità Lido-Pellestrina,45.41334,12.36747
399,4209,Villa Zajotti - Teatro di Verzura,45.50466394,12.25258155
400,4155,Palazzo Michiel,45.44043661,12.33572402
401,4154,Villa Matter,45.5073736,12.2433748
402,4151,Spazio Thetis,45.4380314,12.35696175
403,4148,Campo della Tana,45.43317276,12.35132643
404,4145,Ludoteca Santa Maria Ausiliatrice,45.4330002,12.35660234
405,4141,Spazio Ridotto,45.43271812,12.33652868
406,4139,Cantieri Navali,45.43303056,12.35884735
407,4137,Palazzo Rossini,45.43524872,12.33371236
408,4129,Palazzo Zen,45.44285113,12.33782956
409,4127,Calle San Giovanni,45.44493247,12.3237265
410,4104,Venice Music project,,
411,4099,Ar33 Studio,45.434282,12.33520367
412,4095,Palazzo Widmann,45.44035056,12.33946302
413,4092,Bonnet Van Der Sluis Gallery,45.43332918,12.33022132
414,4079,Isola del Lazzaretto Vecchio,45.40605897,12.3595474
415,4045,Chiostro di Sant'Elena,45.42716338,12.36541071
416,4044,Villa Malvolti - Carpenedo,45.50699469,12.240808
417,3965,Circolo de I Antichi,45.42943729,12.33329126
418,3964,Design Hotel Ca' Pisani,45.43051022,12.32818165
419,3948,Chiesa di Santa Croce degli Armeni,45.43537811,12.33772366
420,3900,Palazzo Marin,45.43297504,12.33303377
421,3896,Chiesetta della Misericordia,45.44385417,12.33513125
422,3895,Campo de le Gate,45.43634603,12.34742918
423,3894,Le Stanze del Vetro,45.42914741,12.34488645
424,3887,Torre Massimiliana,45.44504726,12.39312866
425,3782,ICI - Magazzino del Caffé,45.44075278,12.32435414
426,3754,Pinacoteca Manfrediniana,45.43078712,12.3352305
427,3752,Chiesa Anglicana Saint George,45.43066833,12.33029255
428,3751,Campo de la Bragora,45.43464549,12.34673449
429,3717,Isolab,45.43490711,12.34841892
430,3716,Museo Archeologico Nazionale di Altino,45.5461532,12.39915826
431,3693,Chiesa di San Rocco,45.43686757,12.32543239
432,3609,El Chioschetto ,45.43027128,12.32325175
433,3606,Istituto Provinciale per l’infanzia “Santa Maria della Pietà”,45.43470971,12.34512785
434,3604,Magazzini del Sale 3,45.42882365,12.33356484
435,3590,We_Crociferi,45.44316541,12.33880856
436,3558,Circolo Sette Martiri,45.4329948,12.35288345
437,3534,DoppioFondo,45.44003105,12.32924984
438,3519,Mediateca della Regione del Veneto,45.49203387,12.23612287
439,3517,Campetto da Basket di Santa Marta,45.43363852,12.31571474
440,3502,Carrión Gallery,45.42604955,12.3279778
441,3465,Pachuka,45.42709938,12.39178755
442,3463,Fondamenta Santa Lucia,45.43959725,12.31944838
443,3446,Open by Testolini,45.4779093,12.25031176
444,3436,Palazzo Contarini Polignac,45.43109561,12.32920759
445,3421,Palazzo Cini,45.43066833,12.32977488
446,3361,Ruotaliberatutti,45.48469927,12.22329387
447,3360,Venice Art House,45.4450642,12.32952812
448,3353,Scoletta dell'arte dei Tiraoro e Battioro,45.44133431,12.330888
449,3298,Centro Scalzi,45.4412,12.32193
450,3296,Sala Danzastorie,45.4174617,12.3225722
451,3238,Ca' Zanardi,45.44274769,12.33683982
452,3237,Mercatino dei Granai,45.42774591,12.34066315
453,3198,Galleria Giorgio Franchetti alla Ca' d'Oro,45.44080645,12.33398595
454,3197,Palazzo Sandi - ANCE Venezia,45.43513582,12.33065465
455,3185,Museo di Storia Naturale di Venezia,45.4419789,12.32840964
456,3122,Calle Corte Legrenzi,45.49198299,12.2400228
457,3106,Galleria d'arte ARKÈ,45.43365455,12.32864567
458,3093,Osteria Al Nono Risorto,45.43969511,12.33138421
459,3084,Palazzo Rota – Ivancich,45.43607804,12.34073372
460,3063,Panificio F.lli Albonico,45.43951068,12.33093226
461,3060,Campo Santa Margherita,45.43441774,12.32375601
462,3056,Isola del Lazzaretto nuovo,45.45535727,12.38675573
463,3054,"Centro Culturale ""S.Maria delle Grazie""",45.49248513,12.24185207
464,3038,Galleria Faccioli,45.43789595,12.33240881
465,3036,Marignana arte,45.43013381,12.33321884
466,3035,Istituto Laurentianum,45.49394417,12.24159458
467,3005,Palazzo Mora,45.44186407,12.33311423
468,3003,Oratorio di San Ludovico,45.43265509,12.32076266
469,2953,Spazio M9,45.49237596,12.24113324
470,2779,Parco Ponci,45.49538602,12.24550524
471,2774,Torre Civica di Mestre detta Torre dell'Orologio,45.4948577,12.24269697
472,2773,Parco di Via Torre Belfredo,45.49674911,12.24230268
473,2772,Scuola materna 'Tiziano Vecellio',45.49528708,12.24599608
474,2771,Sala Ovale della Scuola Tiziano Vecellio,45.49447979,12.24580028
475,2770,Villa Marcello Giustinian,45.54026209,12.22803333
476,2769,Villa Pozzi,45.49365251,12.22174623
477,2744,Municipalità Marghera,45.4755391,12.22466519
478,2727,Oratorio dei Crociferi,45.44309954,12.33834722
479,2703,IUAV Palazzo Badoer,45.43831089,12.32541495
480,2627,Hotel Ca' Sagredo,45.44054577,12.3343561
481,2620,Circolo Due Portoni,45.49226964,12.238848
482,2498,Centro Direzionale Torre Uno,45.47401842,12.23629453
483,2484,Ohana,45.43678641,12.32170277
484,2465,Campo San Polo,45.43768887,12.32987681
485,2463,La Feltrinelli Librerie,45.49290231,12.24301794
486,2411,Scala Contarini del Bovolo,45.43482429,12.33454921
487,2409,Casino Venier,45.43620818,12.33766326
488,2388,Campo Erbaria,45.43891972,12.335547
489,2384,Ludoteca La Cicala e la Formica,45.44876561,12.32633093
490,2334,Studio Tango,45.41639705,12.37388113
491,2332,Giò Dance School - A. S. D. Lido Dance 'n'Fitness,45.40340465,12.36555555
492,2300,PalaPlip,45.50421071,12.25921535
493,2277,Chiesa San Giovanni Elemosinario,45.43885668,12.33447948
494,2233,We Exhibit,45.43611926,12.31825748
495,2199,Archivio di Stato,45.43739909,12.32672789
496,2196,Via Garibaldi,45.43221379,12.35282042
497,2195,S.M. Elisabetta,45.41711415,12.36828067
498,2193,Oke - Zattere,45.43041845,12.3228065
499,2164,Arsenale - Corderie,45.43320185,12.35165634
500,2162,Arsenale - Darsena Grande,45.43848309,12.35680618
501,2161,Zelarino,45.51596708,12.20469811
502,2156,Piazza Ferretto,45.49391409,12.24161604
503,2154,Hotel Saturnia & International ,45.43288946,12.33415761
504,2118,Campo dei Mori,45.44551795,12.33208963
505,2117,Pescheria di Rialto,45.43983438,12.33440974
506,2103,The Westin Europa & Regina,45.43210833,12.33553627
507,2100,Lista Vecchia dei Bari,45.44101249,12.32556381
508,2086,Biblioteca Civica di Mestre Villa Erizzo | VEZ,45.49121607,12.23861733
509,2085,Rio di Cannaregio,45.44502468,12.32228615
510,2082,Palazzo Pesaro Papafava,45.44312874,12.33521977
511,2076,Wellness and Fitness,45.4024438,12.3617422
512,2074,Spazio Gioco Zigo Zago,45.3870623,12.3497116
513,2072,Caffé Sconcerto,45.487251,12.1990384
514,2048,Atelier 3+10,45.4792058,12.2486811
515,2037,Associazione Culturale Arti Espressive,45.47685608,12.22386652
516,2034,Il Palco ,45.49325767,12.24004963
517,1877,Da Sandro,45.43737268,12.33123132
518,1870,Punto Einaudi,45.43720564,12.32767874
519,1867,Palazzo Carminati - Atelier Fondazione Bevilacqua La Masa,45.44017126,12.32901313
520,1860,Hotel Bauer,45.43294775,12.3357428
521,1829,Pala ExpoVenice,45.46898668,12.256336
522,1826,Campo San Geremia,45.44299439,12.32492545
523,1823,Rio de Santa Marta,45.43579924,12.31611707
524,1815,Bentigodi - Osteria Chef Domenico,45.44457774,12.32839623
525,1793,Sala San Marco,45.5266913,12.1921281
526,1792,Chiesa di Santa Maria Assunta,45.3724075,12.33814337
527,1790,Duomo di Mestre,45.49287,12.24116
528,1784,Piazzetta Gianni Pellicani,45.49513608,12.24298933
529,1750,Palazzo Flangini,45.44242959,12.32492277
530,1747,Spazioporto ,45.43206874,12.3111228
531,1745,Spazio KANZ,45.43988613,12.32796439
532,1710,Chiesa di Maria Immacolata e San Vigilio,45.51436493,12.2085739
533,1709,Chiesa di San Giuseppe,45.48219748,12.25964048
534,1703,DOK Dall'Ava LP26,45.43555502,12.33355143
535,1702,Teatro San Gallo,45.43470549,12.33679892
536,1700,InMurano,45.45568956,12.35488036
537,1697,FallaniVenezia - Center for the Arts,45.44254153,12.33815142
538,1696,Associazione culturale Roerso Mondo,45.5043031,12.2646469
539,1683,"Liceo Artistico Statale ""M. Guggenheim""",45.43360555,12.3219482
540,1677,Osteria Da Filo,45.43950218,12.32778468
541,1669,Società di Mutuo Soccorso Carpentieri e Calafati,45.43290725,12.35644409
542,1665,Flat,45.4808295,12.25081333
543,1658,Palazzetto Bru Zane,45.4385132,12.32670644
544,1656,Ristorante Contemporaneo Ogio,45.44311648,12.33868786
545,1649,Palazzo Regina Vittoria,45.43450713,12.33544779
546,1634,Ospedale Civile di Venezia SS. Giovanni e Paolo,45.44081677,12.34372237
547,1633,Phobic Club,45.47921827,12.23871389
548,1630,CFZ - Ca' Foscari Zattere,45.42990221,12.32492011
549,1626,Ca' Tortuga,45.4342747,12.31883147
550,1620,Galleria Michela Rizzo,45.42716338,12.32109525
551,1616,Coro Marmolada,45.43628389,12.31984132
552,1615,I Bochaleri,45.43073239,12.35479989
553,1612,Movie Bistrò,45.43512592,12.33311021
554,1608,Libreria MarcoPolo - Campo S. Margherita,45.4336126,12.32260437
555,1602,Muro Rialto,45.43912863,12.3348523
556,1595,Scuola Grande Confraternita Di San Teodoro,45.43680805,12.33602041
557,1568,Casinò di Venezia - Ca’ Noghera,45.52037505,12.35819557
558,1542,Zattere 51,45.42929247,12.33460286
559,1541,Cinque Garzoni,45.36650636,12.35010291
560,1533,Ponte della Costituzione detto di Calatrava,45.43888208,12.31947788
561,1513,Palazzo Albrizzi - Capello,45.4425839,12.3360137
562,1511,Punta della Dogana,45.43097514,12.33564087
563,1497,Spazio Farma,45.47799205,12.24960902
564,1476,Fondazione Giorgio Cini,45.42933941,12.34265306
565,1464,Bistrot de Venise,45.43554704,12.33651796
566,1462,Stadio Pier Luigi Penzo,45.42693435,12.36365297
567,1459,Splendid Venice Hotel,45.4359611,12.33756402
568,1456,Molocinque,45.47035581,12.23155239
569,1446,ESU  BADOER – Orientamento CUORI e Uffici,45.43765123,12.32639798
570,1418,Spazio Aereo,45.47162671,12.25344312
571,1408,Spazio SoleSale,45.42966129,12.33016984
572,1405,Libreria Toletta,45.43181559,12.32584752
573,1403,Sumo,45.4857128,12.2464785
574,1402,Lab Altobello,45.487994,12.2472225
575,1397,Spazio Bocciofila,45.42577413,12.32538746
576,1395,Palazzo Querini,45.43237178,12.32351192
577,1393,Forte Mezzacapo,45.5318237,12.2202663
578,1388,SILOS Art Inside Venezia,45.42711067,12.32108452
579,1379,Nerodiseppia,45.44069727,12.32493886
580,1373,Decathlon Mestre,45.51691561,12.23260381
581,1371,Club Alpino Italiano - Mestre,45.48888272,12.22998598
582,1349,Chiesa di San Lazzaro dei Mendicanti,45.44074737,12.34203794
583,1347,Associazione Culturale Village,45.47391356,12.21822717
584,1344,Associazione Culturale Pantakin ,45.4382029,12.31796243
585,1342,Associazione Culturale MusicaVenezia ,45.43255648,12.32371309
586,1340,Associazione Culturale Giornate degli Autori - Venice Days,45.40117489,12.3634527
587,1337,Associazione Aurora Street Sede,45.44035592,12.33654478
588,1327,Associazione Archivio Musicale Guido Alberto Fano,45.4412855,12.33850815
589,1323,Caos Art Gallery,45.4328274,12.32461431
590,1321,Fabbrica del Vedere,45.44171093,12.33429172
591,1319,Villa dei Leoni,45.43480006,12.13651636
592,1317,Amici della Musica di Mestre,45.49592962,12.24451282
593,1314,AEres Venezia,45.50378045,12.25828865
594,1311,Libreria Goldoni,45.43626224,12.33565026
595,1309,Palazzo Cavagnis,45.43781151,12.34264949
596,1297,Chiesa delle Zitelle,45.42710891,12.33930209
597,1293,Abate Zanetti,45.45366805,12.35412873
598,1288,Magazzini del Sale,45.42864921,12.33326422
599,1284,Ruga Giuffa,45.43657007,12.34206177
600,1278,Palazzo Franchetti,45.43187299,12.32962468
601,1276,Circolo Arci Luigi Nono,45.42521191,12.32902386
602,1270,Spiazzi,45.43484688,12.34846183
603,1264,Circolo Arci Franca Trentin Baratto,45.44135344,12.33501055
604,1260,Imagoars,45.44461068,12.32567378
605,1258,Chorus - Associazione per le Chiese del Patriarcato di Venezia,45.4361342,12.32885549
606,1252,Basilica di Santa Maria Assunta - Torcello,45.49837056,12.41901075
607,1247,Il Paradiso Perduto,45.44459154,12.33195322
608,1246,Centro Studi Torcellani,45.48748603,12.41449916
609,1230,Giudecca 795 Art Gallery,45.42766203,12.321914
610,1225,Galleria A+A,45.43321879,12.32861349
611,1224,Fringe art.foodesign,45.48486942,12.20849344
612,1218,Fondazione Ugo e Olga Levi Onlus,45.43238119,12.32876637
613,1216,Fondazione Marcianum,45.4307888,12.33536192
614,1213,Fondazione Prada,45.44047227,12.33186985
615,1211,Fondazione Musei Civici di Venezia,45.4338609,12.3371529
616,1204,Associazione Amici della Musica di Venezia,45.4404028,12.32422271
617,1202,ALTOLab,45.47195744,12.23616579
618,1199,Ai Biliardi,45.4438909,12.32563355
619,1193,La Lanterna - Da Gas,45.43615405,12.32391962
620,1190,Serra dei Giardini,45.43076767,12.3554591
621,1184,Isola di Burano,45.48718614,12.41635275
622,1182,Campo della Salute,45.43099041,12.33472593
623,1179,Isola di Pellestrina,45.26529121,12.30039575
624,1174,About,45.44088972,12.32527512
625,1170,F30,45.43960018,12.31971897
626,460,Machina,45.43443139,12.32706049
627,365,Scuola Internazionale di Grafica,45.44350979,12.32879319
628,364,Al Vapore,45.47917,12.23341008
629,363,Metricubi,45.43672901,12.33045616
630,362,Conestoga,45.4970735,12.2553295
631,361,Gatto Rosso,45.47584611,12.26120689
632,360,Confartigianato Venezia,45.4379053,12.33848938
633,359,Danzavenezia Associazione Culturale,45.4940399,12.2408545
634,358,La Fenice Gallery,45.43377277,12.33312559
635,357,Fondazione Bevilacqua la Masa - Galleria di Piazza San Marco,45.43340715,12.33737152
636,356,Fondazione del Duomo di Mestre,45.49350043,12.24630719
637,355,Palazzo Trevisan degli Ulivi,45.42934958,12.32857798
638,354,Françoise Calcagno Art Studio,45.44551,12.32737491
639,353,Confindustria Venezia,45.4723176,12.252388
640,352,La Salizada Galleria,45.43426026,12.32990023
641,351,Galleria Massimodeluca,45.48396422,12.25249923
642,350,Galleria Traghetto,45.43272626,12.33299282
643,349,Gervasutti Foundation,45.43247601,12.3564532
644,347,Hard Rock Cafe,45.43413038,12.33686056
645,346,Ikona Gallery,45.44526631,12.32714424
646,345,Imagina Café,45.4333927,12.32443129
647,344,Istituto Romeno di Venezia,45.44296857,12.33195344
648,343,Bosco dell'Osellino,45.48301277,12.26531523
649,342,Parco Albanese,45.4999001,12.2576784
650,341,Isola della Certosa,45.43411629,12.373104
651,340,IVESER - Istituto veneziano per la storia della Resistenza e della società contemporanea,45.42455753,12.33990262
652,339,Centro Culturale 25 Aprile,45.42721275,12.31523479
653,338,Campo Santo Stefano,45.43325893,12.3304635
654,337,Campo Pisani,45.43242698,12.33037766
655,336,Campo San Vidal,45.43210888,12.32916799
656,335,Biennale - Arsenale ,45.4332832,12.3508616
657,334,PalaBiennale,45.40607691,12.36403453
658,333,Sala Darsena,45.40596293,12.36668263
659,332,Comunità ebraica di Venezia,45.44456815,12.32558588
660,331,Palazzo del Casinò,45.40641111,12.36797814
661,330,Palazzo del Cinema,45.40568423,12.36755435
662,329,Laboratorio 2729,45.43275275,12.32443933
663,327,Libreria Cafoscarina,45.43442038,12.3258153
664,326,Centro Pace Mestre,45.48823888,12.24781634
665,325,Libreria MarcoPolo - Malibran,45.43910772,12.33743324
666,324,Spazio espositivo Lightbox,45.44126355,12.33361641
667,323,Centro Pace,45.4337091,12.33610221
668,322,Limosa - Operatori naturalisti,45.4778693,12.2292906
669,321,Lineadacqua,45.43523898,12.33375993
670,320,Marsilio Editori,45.4397408,12.31561166
671,319,Palazzo Bembo,45.43704958,12.33509299
672,318,Forte Marghera - Parco del Contemporaneo,45.47781383,12.26200964
673,317,Presidio Militare Caserma Cornoldi,45.43392155,12.34599258
674,316,Museo Storico Navale,45.43267152,12.34988658
675,315,Museo Ebraico,45.44506213,12.32678214
676,314,Isola Di San Lazzaro Degli Armeni,45.41222667,12.36151876
677,313,Museo Diocesano di Sant'Apollonia,45.43458384,12.34082876
678,312,Scuola Dalmata dei Santi Giorgio e Trifone ,45.43620997,12.34599425
679,311,Istituto Ellenico,45.43441068,12.34879224
680,310,Ca' Corner (de la Ca' Granda),45.43178984,12.33201381
681,309,Museo di Torcello,45.49843162,12.41879292
682,308,Teatrino via Pasini,45.4644211,12.2228962
683,307,Teatro Aurora,45.479108,12.22635359
684,306,A plus A Centro Espositivo Sloveno,45.43337658,12.32879319
685,305,Ex Chiesa delle Cappuccine,45.48414355,12.41701105
686,304,Cinema Pio X Burano,45.48498413,12.41949209
687,303,Sala Consiglio Sant'Erasmo,45.45871561,12.40984553
688,302,Palazzo da Mula,45.4559363,12.35172608
689,301,Palazzo Briati,45.45316108,12.35449948
690,300,Sale Maria Ausiliatrice,45.43302115,12.35652992
691,299,Sala San Lorenzo,45.43682876,12.34541753
692,298,IRE Venezia,45.43321008,12.3487794
693,296,Centro Culturale Zitelle CZ95,45.42430392,12.33618134
694,293,"Compagnia della Vela, Darsena Verde",45.42772998,12.34565356
695,292,Scuola Grande dei Carmini,45.43368256,12.3222426
696,291,"Compagnia della Vela, Darsena Croze",45.43008105,12.34314569
697,290,"Compagnia della Vela, Centro Sportivo di Eccellenza",45.42838882,12.34603443
698,289,"Compagnia della Vela, Sede",45.43294022,12.33906605
699,288,Palazzo Cavalli Franchetti,45.43178325,12.32959446
700,287,Teatro Marinoni,45.42037686,12.38153079
701,286,Palazzo Loredan,45.43294525,12.33006703
702,285,Fondazione Ugo e Olga Levi,45.43220885,12.32858015
703,284,Teatro Arnaldo Momo,45.4847848,12.23570713
704,283,Fondazione Archivio Luigi Nono Onlus,45.42532647,12.33033004
705,282,Teatrino di Palazzo Grassi,45.43379098,12.32839354
706,280,Centro Donna,45.50388065,12.2495632
707,279,Villa Settembrini,45.49156413,12.23837063
708,278,Fondazione Bevilacqua la Masa - Palazzetto Tito,45.43298803,12.32360785
709,277,Circolo Velico Casanova,45.46708387,12.28424454
710,276,Biblioteca dell'Archivio generale del Comune di Venezia sede di Mestre,45.4866534,12.2705509
711,275,Biblioteca dell'Archivio generale del Comune di Venezia sede di Venezia,45.43770815,12.3495969
712,274,Circolo Golf Venezia,45.34533476,12.31704714
713,273,"Biblioteca ""Hugo Pratt""",45.3969214,12.35741478
714,272,Punto di Lettura Gazzera,45.4931819,12.2148777
715,271,Circolo Culturale Il Suono Improvviso,45.44427006,12.33590641
716,270,Chiesa di San Giobbe,45.44516205,12.32011893
717,269,Biblioteca di Marghera,45.4743938,12.224561
718,268,Chiesa di Santa Maria del Rosario (Gesuati),45.42930741,12.32721069
719,267,Chiesa del Santissimo Redentore,45.42535215,12.33245463
720,266,Biblioteca di Via Dante,45.48549298,12.23631034
721,265,Biblioteca di Carpenedo Bissuola,45.49913323,12.25874191
722,264,Biblioteca di Burano,45.48636517,12.41973676
723,263,Biblioteca di Murano,45.45311206,12.35475975
724,262,Biblioteca di Giudecca,45.42479184,12.33625235
725,261,"Biblioteca Pedagogica ""Lorenzo Bettini""",45.43554115,12.34322186
726,258,Chiesa di San Stae,45.44148863,12.33075657
727,257,Chiesa Rettoriale di San Polo,45.43708848,12.3296971
728,256,Scoletta dei Calegheri (Biblioteca di San Tomà),45.4361494,12.32715299
729,255,Chiesa di San Giovanni Elimosinario,45.43876163,12.33437219
730,254,Chiesa di Santa Maria del Giglio,45.43258824,12.33299353
731,253,Biblioteca di Castello ,45.43690259,12.34582795
732,252,Peggy Guggenheim Collection,45.43078767,12.33151768
733,251,Accademia di Belle Arti di Venezia,45.42840087,12.33176981
734,250,Ponte di Rialto,45.4380397,12.3359111
735,249,Palazzo Linetti,45.44260348,12.32092956
736,248,Segreteria Regionale per le Infrastrutture,45.5058708,12.212565
737,247,Palazzo Balbi,45.43493797,12.327143
738,246,Palazzo Barbarigo della Terrazza,45.43605427,12.3294034
739,242,Centro Culturale Renato Nardi,45.42630405,12.32674667
740,240,Aeroporto di Venezia Marco Polo Tessera (VCE),,
741,238,Scuola Grande di San Rocco,45.4366018,12.3253942
742,236,Parco San Giuliano,45.4760387,12.2689068
743,234,Centro Culturale Kolbe,45.4848498,12.2389555
744,233,Centro Culturale Don Orione Artigianelli,45.42972152,12.32781151
745,231,Palazzo Grimani,,
746,230,Museo Archeologico Nazionale,45.43371684,12.3371402
747,229,Spazio Punch,45.42715621,12.32131245
748,227,Fondazione Studium Generale Marcianum,45.43082155,12.33543371
749,226,"Palasport ""Giobatta Gianquinto"" (Palasport Arsenale)",45.43283713,12.35072567
750,225,Palestra Giulio Cesare,45.4868893,12.2383699
751,224,Casinò di Venezia - Ca' Vendramin Calergi,45.44299039,12.3298929
752,222,Ex Ospedale degli Incurabili,45.428402,12.33177581
753,221,Laboratorio di Scienza delle Costruzioni,45.4801605,12.2499212
754,220,IUAV Terese,45.43300308,12.31605743
755,219,IUAV Masieri,45.43486363,12.32687344
756,218,IUAV Magazzino 6,45.43151046,12.31709276
757,217,IUAV Magazzino 7,45.43156505,12.31669848
758,216,IUAV Cotonificio Veneziano,45.43243277,12.31527422
759,215,Ca' Tron,45.44149397,12.32962517
760,214,IUAV Casa del gondolier  ,45.43799385,12.32616057
761,213,IUAV Campo della Lana,45.43879898,12.32220082
762,212,Ca' Noghera,45.52065649,12.35786292
763,211,Casa dei Tre Oci,45.42715773,12.33940401
764,209,IUAV Tolentini,45.43782408,12.32194064
765,208,Caffé Florian,45.43362911,12.33829358
766,207,Centro Pace - Mestre,45.48783112,12.24857905
767,206,Ex convento SS. Cosma e Damiano,45.4256672,12.32399734
768,205,Campo Bella Vienna,45.43914,12.33503064
769,204,Centro Sociale Rivolta,45.47024483,12.22859123
770,201,Biblioteca Nazionale Marciana,45.43358393,12.3393611
771,200,Chiesa di San Trovaso,45.43062469,12.325853
772,199,Chiesa di San Zulian,45.43573775,12.33854499
773,198,Scuola Grande di San Giovanni Evangelista,45.43836649,12.32610156
774,197,Blue Moon,45.41445141,12.37677042
775,196,Teatro della Murata,45.49618881,12.24237591
776,195,Pagoda Des Bains,45.41265892,12.37509672
777,194,Villa Hériot,45.42455617,12.34001556
778,193,Marghera Estate Village,45.46582488,12.21348326
779,192,Bacino di San Marco,45.43159879,12.33925578
780,191,Associazione Italo Russa,45.49008706,12.24271418
781,190,Casa degli Autori la Pagoda,45.41309057,12.3749701
782,189,Terminal San Basilio,45.43084869,12.31994409
783,188,Aurora Beach,45.41489608,12.37668761
784,187,Isola Nuova del Tronchetto,45.4425023,12.3064428
785,186,Stazione Marittima Venezia,45.44003439,12.31096607
786,185,Patronato dei Frari,45.43808598,12.32485035
787,184,Teatro ai Frari,45.43798902,12.32479212
788,183,Informagiovani di Mestre,45.5047529,12.2502713
789,182,Venice Projects ,45.43077261,12.32945774
790,181,Isola di San Servolo,45.4185887,12.3572863
791,180,Workshop Arte Contemporanea,45.43331365,12.32700084
792,179,Scuola Renier Michiel,45.43172316,12.32600306
793,177,"Scuola di Musica ""Thelonoius Monk""",45.43818241,12.12814186
794,176,Teatro Ca' Foscari,45.43323573,12.31389352
795,175,Fondazione di Venezia,45.43494663,12.32085385
796,174,Ca' Foscari Santa Marta,45.43325342,12.31407796
797,173,Ca' Foscari San Sebastiano,45.43192456,12.32038383
798,172,Ca' Foscari San Giobbe,45.4464556,12.31887767
799,171,Ca' Foscari Rio Novo,45.43494362,12.32599233
800,170,Collegio Marconi,45.7744798,12.83576553
801,169,Campus scientifico via Torino,45.47913565,12.25244858
802,168,Polo didattico San Basilio,45.43174688,12.31729188
803,167,Palazzo Vendramin,45.43404394,12.32199584
804,166,Palazzo Moro,45.44643936,12.32122464
805,165,Palazzo Minich,45.43269802,12.3296709
806,164,Palazzo Cosulich,45.43030504,12.32362189
807,163,Palazzina Briati,45.43357716,12.32055818
808,162,Villa Mocenigo,45.4498203,12.1687108
809,161,Vega Parco Scientifico Tecnologico di Venezia,45.4721258,12.25549554
810,160,Malcanton Marcorà,45.43486457,12.32215141
811,159,Ca' Foscari Celestia,45.4377912,12.34980132
812,158,Ca' Foscari Zattere,45.42989922,12.32490335
813,157,Ca' Foscari,45.43465753,12.32594942
814,156,"Ca' Dolfin, Saoneria",45.43547439,12.32568388
815,155,Ca' Dalla Zorza,45.43514689,12.32603525
816,154,Ca' Cappello,45.43633479,12.33012756
817,153,Ca' Bottacin,45.4354518,12.32645099
818,152,Ca' Bernardo,45.4338369,12.32660119
819,151,Ca' Bembo,45.4310749,12.32651801
820,150,Aule San Trovaso,45.4311453,12.32094307
821,149,Aula Barbarigo,45.43208738,12.31826891
822,148,Auditorium Santa Margherita,45.43515254,12.3239914
823,147,Cinema Teatro Corso,45.49037836,12.24447255
824,146,Cinema Dante,45.48475974,12.23543977
825,145,Cinema Multisala Astra,45.4175547,12.3701034
826,144,Casa del Cinema - Videoteca Pasinetti,45.44110899,12.33025116
827,143,Centro Culturale Candiani,45.49443676,12.23921006
828,142,Parco Villa Groggia,45.44807314,12.32822054
829,141,Campo del Ghetto Novo,45.44540857,12.32682445
830,140,Stazione di Venezia Santa Lucia,45.440975,12.321039
831,139,Teatro Toniolo,45.49336853,12.23975132
832,138,Fontego dei Tedeschi,45.43823528,12.33698126
833,137,Telecom Italia Future Centre,45.43673906,12.3361002
834,136,Teatro Verde,45.42702481,12.34509228
835,135,Teatro Junghans,45.42423086,12.32688608
836,134,Ca' Pesaro,45.4409093,12.33122059
837,133,Teatrino Groggia,45.44835051,12.32715229
838,132,Ca' d'Oro,45.44098238,12.33412006
839,131,Gallerie dell'Accademia,45.43142156,12.3281441
840,130,Sala San Leonardo,45.44348794,12.32687738
841,129,Officina delle Zattere,45.43026894,12.32628752
842,128,Ca' Zenobio degli Armeni,45.43327977,12.32107316
843,127,Palazzo delle Prigioni,45.4337408,12.3413171
844,126,Planetario di Venezia Lido,45.4166885,12.37662324
845,125,Palasport G. Taliercio,45.4881825,12.2794299
846,124,Antico Squero San Trovaso,45.43021545,12.32587431
847,123,Basilica di San Giorgio Maggiore,45.4294192,12.343204
848,122,Basilica dei Santi Maria e Donato,45.457214,12.357176
849,120,Campo San Giacomo dall'Orio,45.44027868,12.32788437
850,119,Chiesa di San Giacomo Dall'Orio,45.4400679,12.3275786
851,118,Chiesa di San Cassiano,45.4396165,12.33207359
852,117,Ca' Corner della Regina,45.44083529,12.33231811
853,116,Chiesa di San Sebastiano,45.4319735,12.3200941
854,115,Chiesa di Santa Maria dei Carmini,45.43365621,12.32205485
855,114,Chiesa della Pietà,45.43401668,12.34494789
856,113,Chiesa di San Giovanni Battista in Bragora,45.43443351,12.34682407
857,112,Basilica dei Santi Giovanni e Paolo,45.43946998,12.34160449
858,111,Chiesa di San Francesco della Vigna,45.43834829,12.34753217
859,110,Chiesa di Sant'Elena,45.42709629,12.36538976
860,109,Scuola Grande Della Misericordia,45.44353689,12.33457128
861,108,Fondazione Emilio ed Annabianca Vedova,,
862,107,Fontego dei Turchi,45.4415956,12.32819824
863,106,Museo del Merletto,45.4847323,12.4188023
864,105,Museo del Vetro,45.45658459,12.35681634
865,104,Casa di Carlo Goldoni,45.4362228,12.32835194
866,103,Ca' Rezzonico,45.43327695,12.32698072
867,102,Palazzo Mocenigo,45.44067506,12.32979189
868,101,Torre dell'Orologio,45.43471816,12.33894533
869,45,Campo San Luca,45.4357975,12.3351748
870,44,Stub,0,0
871,42,Palazzo Labia,45.44297728,12.32531295
872,41,Chiesa di San Geremia,45.44285189,12.32512454
873,35,Palazzo Grassi,45.43366572,12.32796521
874,25,Teatro alle Tese,45.4339939,12.3518343
875,23,Teatro Piccolo Arsenale,45.4332832,12.3508616
876,21,Biblioteca della Biennale,45.4297609,12.35807967
877,20,Giardini della Biennale,45.42899877,12.35734662
878,24,Ca' Giustinian,45.43229908,12.33676124
879,19,"Ateneo Veneto di Scienze, Lettere ed Arti",45.43399866,12.33385519
880,18,Morion,45.43735809,12.34731702
881,15,Fondazione Querini Stampalia,45.43673656,12.34138278
882,14,Campo Santa Maria Formosa,45.43734236,12.34105117
883,13,Chiesa di Santa Maria Formosa,45.43766425,12.33469942
884,16,Basilica di San Pietro di Castello,45.43469919,12.35948839
885,12,Chiesa di San Zaccaria,45.43478335,12.34329371
886,11,Teatro a l'Avogaria,45.43262606,12.32131559
887,9,Teatro Fondamenta Nuove,45.44493959,12.336968
888,8,Chiesa di Santa Maria dei Miracoli,45.43937806,12.33913579
889,7,Chiesa di San Canciano,45.44007135,12.33846712
890,6,Chiesa di Sant'Alvise,45.44725914,12.32905516
891,5,Chiesa della Madonna dell'Orto,45.44630308,12.33246921
892,4,Basilica di Santa Maria Gloriosa dei Frari,45.43717515,12.32694914
893,3,Isola di San Giorgio Maggiore,45.4294192,12.343204
894,2,"Conservatorio di Musica ""Benedetto Marcello""",45.43239319,12.33046342
895,1,Chiesa di San Vidal,45.43243083,12.32974995
896,40,Chiesa di Santo Stefano,45.43384249,12.3308121
897,39,Chiesa di San Salvador,45.43684075,12.33622212
898,38,Chiesa di San Moisè,45.43309266,12.3359222
899,37,Museo d'Arte Orientale,45.44091723,12.33122264
900,36,Teatro Stabile del Veneto Carlo Goldoni,45.43631564,12.33527798
901,34,Museo Correr,45.43364675,12.33721722
902,32,Cinema Multisala Rossini,45.43520045,12.33295651
903,31,Piazza San Marco,45.43389,12.337969
904,30,Basilica di San Marco,45.43446453,12.33938503
905,29,Palazzo Ducale,45.43413845,12.33968562
906,28,Cinema Multisala Giorgione Movie D'Essai,45.44127484,12.33738223
907,27,Teatro Malibran,45.43905693,12.33774031
908,33,Teatro La Fenice,45.43375209,12.33394639
909,26,Palazzo Fortuny,45.43505181,12.3319287
